filename,width,height,classh,xmin,ymin,xmax,ymax
192_jpg.rf.a44d116b12d2efa63b37fe6bc7b5318d.jpg,837,1024,fracture,204,444,256,494
29_jpg.rf.a358d0249bf4ce4ecc85be891f7d1721.jpg,448,1024,fracture,243,618,270,645
73_jpg.rf.aa734b5afb647f0f8564eac868d4847f.jpg,383,1024,line,178,497,229,546
73_jpg.rf.aa734b5afb647f0f8564eac868d4847f.jpg,383,1024,angle,126,447,176,519
177_jpg.rf.a5f6e20d94ccf5454db6408b2d8dc0a0.jpg,603,1024,fracture,232,373,283,407
177_jpg.rf.a5f6e20d94ccf5454db6408b2d8dc0a0.jpg,603,1024,fracture,332,376,393,438
74_jpg.rf.b082b446f273455968bff31da6ae2b5d.jpg,461,1024,line,145,622,176,667
198_jpg.rf.a33d4070ed7733c02cdef82a6779de6f.jpg,789,1024,messed_up_angle,345,527,483,648
47_jpg.rf.a7792e1d649b43ecabeb2507a006e9ba.jpg,348,420,fracture,241,271,262,283
66_jpg.rf.a400b7f3e1f642d036ec0891c5b0b2b2.jpg,280,410,fracture,166,167,200,203
162_jpg.rf.b1223cfaa4e7ab4cdc52a88e8333f361.jpg,483,1024,line,151,357,295,412
147_jpg.rf.b2fb411508ec07ae5ff26b47e0710e6a.jpg,226,298,fracture,99,132,126,223
138_jpg.rf.af0d6552fb0dfebce0cde374eeb68365.jpg,245,450,fracture,92,162,121,206
56_jpg.rf.a7b08365ee532722e47a0daa502f98a1.jpg,263,345,fracture,128,78,154,104
56_jpg.rf.a7b08365ee532722e47a0daa502f98a1.jpg,263,345,fracture,37,104,57,126
56_jpg.rf.a7b08365ee532722e47a0daa502f98a1.jpg,263,345,fracture,188,180,221,207
56_jpg.rf.a7b08365ee532722e47a0daa502f98a1.jpg,263,345,fracture,80,91,100,105
131_jpg.rf.a4ad747da70051a43b9f9d43eec6f402.jpg,305,500,fracture,219,238,250,260
70_jpg.rf.a45b1f9b3f335f0cc7210b9dc2f858cf.jpg,752,1024,messed_up_angle,242,211,367,386
70_jpg.rf.a45b1f9b3f335f0cc7210b9dc2f858cf.jpg,752,1024,messed_up_angle,297,502,441,649
169_jpg.rf.b5166e29ca34be55cbb6d491e96b8e96.jpg,1024,1024,line,388,632,530,679
52_jpg.rf.b0383e98b694f6cad6a08c742fa5af37.jpg,704,1024,fracture,213,372,255,416
52_jpg.rf.b0383e98b694f6cad6a08c742fa5af37.jpg,704,1024,fracture,300,297,383,413
52_jpg.rf.b0383e98b694f6cad6a08c742fa5af37.jpg,704,1024,fracture,443,352,499,403
232_jpg.rf.b2fc4b93794a9561d053e6fbecf70d8f.jpg,537,1024,line,200,604,349,710
158_jpg.rf.b3e027c52dc103c84ff8571890fe5446.jpg,729,1024,line,281,610,443,685
181_jpg.rf.ac5a7a78cd33ba190ab59e62570e45be.jpg,504,1024,line,317,536,337,585
141_jpg.rf.b292d8762b16db3f56fe9885e4e1f4fc.jpg,739,1024,messed_up_angle,208,400,383,661
221_jpg.rf.b398fac201f7e2daa26860a254cdbffb.jpg,519,1024,angle,226,438,265,475
221_jpg.rf.b398fac201f7e2daa26860a254cdbffb.jpg,519,1024,angle,265,436,304,481
190_jpg.rf.af0c7fb25d916b0f00b2cc159036e237.jpg,1024,669,messed_up_angle,327,151,495,261
198_jpg.rf.b9863fc076265bd47f1aff3059ee504e.jpg,1018,743,fracture,651,441,677,466
166_jpg.rf.aa2a38ccf92bcff3752e3fb5f5fe42ed.jpg,360,360,fracture,125,111,202,219
51_jpg.rf.a737d6c43b80d3c13ad0d771e526ece4.jpg,1024,1024,line,423,413,494,620
51_jpg.rf.a737d6c43b80d3c13ad0d771e526ece4.jpg,1024,1024,line,460,398,491,555
7_jpg.rf.ac3b5792870ff4c849eb2a3161851d11.jpg,568,769,fracture,140,319,168,355
9_jpg.rf.baac2c277eac541d160362aceb170819.jpg,994,1024,fracture,227,365,311,458
9_jpg.rf.baac2c277eac541d160362aceb170819.jpg,994,1024,fracture,376,207,548,379
226_jpg.rf.b9f3029ce5b052ae94353148b7c3e0ba.jpg,617,1024,fracture,345,698,428,793
9_jpg.rf.b9f65d80e589327291d962f8d53d2f4f.jpg,313,1008,fracture,119,639,248,774
187_jpg.rf.b8125eeed08224b87641c3788ee8ea6b.jpg,449,1024,messed_up_angle,165,431,231,545

123_jpg.rf.bb1b97c0c25c6ab5d46085799a16f5bb.jpg,422,746,fracture,152,649,194,700
170_jpg.rf.bbeec131e8ea5ee9edce5be7a731cc94.jpg,840,1200,fracture,84,456,275,587
170_jpg.rf.bbeec131e8ea5ee9edce5be7a731cc94.jpg,840,1200,fracture,219,759,377,913
22_jpg.rf.be86eb4474df06c374320097240ba167.jpg,849,1024,line,475,692,482,792
132_jpg.rf.c3235459624e3e6d63b0a5cc2c6347bd.jpg,323,500,fracture,244,243,271,261
161_jpg.rf.bfe38225774452f25d085e797d4210d5.jpg,618,1024,messed_up_angle,206,429,288,515
223_jpg.rf.c33a1acde35258c19f9d92f6327a2fc0.jpg,769,1024,line,517,662,594,713
82_jpg.rf.bb68d26eab68f004d23d67afe93f4c9f.jpg,1593,1706,fracture,788,465,1019,748
82_jpg.rf.bb68d26eab68f004d23d67afe93f4c9f.jpg,1593,1706,fracture,504,291,651,483
82_jpg.rf.bb68d26eab68f004d23d67afe93f4c9f.jpg,1593,1706,fracture,1112,637,1229,760
82_jpg.rf.bb68d26eab68f004d23d67afe93f4c9f.jpg,1593,1706,fracture,1205,754,1365,941
82_jpg.rf.bb68d26eab68f004d23d67afe93f4c9f.jpg,1593,1706,fracture,882,1426,919,1508

174_jpg.rf.be8dcc64245fc2a27448ad53a353b475.jpg,580,1024,messed_up_angle,310,459,486,652
37_jpg.rf.c36014940cdf902adbdf464aee59f3f5.jpg,520,1466,fracture,226,707,350,859
37_jpg.rf.c36014940cdf902adbdf464aee59f3f5.jpg,520,1466,fracture,219,1007,264,1056
200_jpg.rf.c3af427dff5b182e25bb5c4b297c8b90.jpg,549,543,fracture,355,289,383,312
77_jpg.rf.c2c06adf75dfc70c0b6b45312e31bfc2.jpg,507,1024,line,43,360,246,462
146_jpg.rf.bf435951e39d68488913c46dba64f93d.jpg,223,297,fracture,29,177,59,196
153_jpg.rf.bd378cabcee74083141f108ac3fb6177.jpg,591,1024,fracture,472,340,540,389
6_jpg.rf.c5012148af1b926fd573da741260f7cb.jpg,1296,728,fracture,827,482,874,521
64_jpg.rf.c159bd3d5aaa1416d954273da6f245bf.jpg,567,1024,line,229,517,284,627
109_jpg.rf.cb72b7121f6817f67b1fb0346664d687.jpg,759,1024,fracture,673,524,706,565
213_jpg.rf.ca9082a2f566f83f037c969193503212.jpg,458,1024,line,143,620,172,726
59_jpg.rf.bf18b8b4e751b34a6c218a52da175905.jpg,739,1024,line,328,579,443,617
67_jpg.rf.c8cba7069b74ba60dab57fa03714b9bc.jpg,511,886,angle,235,312,269,330
173_jpg.rf.cbcea99bb7a27620813d2026d2740de1.jpg,551,1024,line,247,592,273,618
35_jpg.rf.c3b8a090692ba42cb6a83f7b08ced95a.jpg,368,1024,fracture,185,788,266,824
114_jpg.rf.d038c5858dd2e5abdca25b26d85653c0.jpg,440,1024,line,124,600,193,713
114_jpg.rf.d038c5858dd2e5abdca25b26d85653c0.jpg,440,1024,line,220,546,292,725
103_jpg.rf.d553a0c775b4aa9dab3de5d011f2e64f.jpg,198,332,fracture,87,211,104,243
193_jpg.rf.d574ff61ebb1c021c71797ba8c8ca4e9.jpg,540,746,fracture,79,391,108,430
19_jpg.rf.c6c80edecffb405414b2b5e150335357.jpg,800,1093,fracture,349,719,417,789
7_jpg.rf.cbf0bcc77694943a324b3ccf768a8429.jpg,905,1024,line,376,492,430,632
36_jpg.rf.d77fed55a878f4737b21b82daf0ad36e.jpg,1053,1191,fracture,760,454,840,575
132_jpg.rf.c92ce7cd5432fabe6f7c1c91c31c4f42.jpg,849,1024,messed_up_angle,375,517,452,600
195_jpg.rf.cac62eccf1bd3e755192f1f8ed6ee99a.jpg,413,814,fracture,94,454,127,468
195_jpg.rf.cac62eccf1bd3e755192f1f8ed6ee99a.jpg,413,814,fracture,203,150,222,166
195_jpg.rf.cac62eccf1bd3e755192f1f8ed6ee99a.jpg,413,814,fracture,149,151,171,163

134_jpg.rf.d8df8eae4e2b05bcbc13f2a5db4b805b.jpg,287,502,fracture,126,245,164,295
134_jpg.rf.d8df8eae4e2b05bcbc13f2a5db4b805b.jpg,287,502,fracture,155,308,202,363
134_jpg.rf.d8df8eae4e2b05bcbc13f2a5db4b805b.jpg,287,502,fracture,182,357,216,383
134_jpg.rf.d8df8eae4e2b05bcbc13f2a5db4b805b.jpg,287,502,fracture,204,122,241,201
134_jpg.rf.d8df8eae4e2b05bcbc13f2a5db4b805b.jpg,287,502,fracture,61,197,98,231
189_jpg.rf.cfa3d2faf10ebe94ee72f05d891f6907.jpg,881,1024,line,324,499,409,552
189_jpg.rf.cfa3d2faf10ebe94ee72f05d891f6907.jpg,881,1024,angle,463,533,499,568
216_jpg.rf.d8039ba92067a7eae059f31262e724ae.jpg,485,1024,line,241,391,300,549
171_jpg.rf.d63afb49142241bc44cca62928bace74.jpg,747,1024,fracture,466,237,555,303
171_jpg.rf.d63afb49142241bc44cca62928bace74.jpg,747,1024,fracture,588,305,666,359
171_jpg.rf.d63afb49142241bc44cca62928bace74.jpg,747,1024,fracture,276,731,342,812
171_jpg.rf.d63afb49142241bc44cca62928bace74.jpg,747,1024,fracture,119,524,149,557
6_jpg.rf.cdbd1e80dfa65c70290ea975bee06140.jpg,395,1024,line,215,704,262,737
6_jpg.rf.cdbd1e80dfa65c70290ea975bee06140.jpg,395,1024,line,230,745,285,814
20_jpg.rf.d8e5d6f4d8d40a1ce7597796c8f8b08b.jpg,480,585,fracture,110,272,155,334

15_jpg.rf.da96d4a15f3f171f0b810e4d70e3e6b2.jpg,258,626,fracture,82,292,128,345
26_jpg.rf.d7db499d7bf0f50233d71b662fea9e5a.jpg,452,1024,fracture,256,290,309,348
142_jpg.rf.dc448d314a1cd46884e86e76a4357a62.jpg,508,1024,line,183,235,231,346
160_jpg.rf.da84392df9bc4c9aeddfc5ca60268f36.jpg,668,1024,line,191,564,228,633
150_jpg.rf.db9c813388f888fea31434feb2e6abc8.jpg,523,1024,line,326,403,353,489
25_jpg.rf.db8596450354de60ffc24b1bf27a9928.jpg,850,1024,line,354,758,402,786
50_jpg.rf.debdb07a44a2a984268b1dc3de69969c.jpg,378,1024,line,143,416,208,448
97_jpg.rf.dc5136746656ed99c27691f68fcff776.jpg,258,592,fracture,136,235,161,269
135_jpg.rf.dd5407064cec38b6561c5a292e33fd2f.jpg,662,1024,fracture,429,116,475,145
15_jpg.rf.ce581291966ea7e9c733a09f48a61136.jpg,384,1024,angle,204,338,257,378
151_jpg.rf.dc5d0eab86789dc41dff314b4ec0c6ec.jpg,1024,879,messed_up_angle,545,342,612,398
91_jpg.rf.dcf786fec5ce93aa30c7540aaa3a62d3.jpg,854,829,line,338,257,389,370
171_jpg.rf.dacf0a59fcc2fb28cf9220289b768d5e.jpg,613,1024,line,270,686,339,709
225_jpg.rf.dfbf1fad0748d1726823b8b4c7d6ea10.jpg,380,630,fracture,299,371,337,391
246_jpg.rf.e37216a899da6017ae356be19429c473.jpg,318,1024,messed_up_angle,114,324,195,513
130_jpg.rf.e2aa30863d24b783c4a045f39ef9a2b0.jpg,695,1024,line,289,563,374,590
88_jpg.rf.e05e40de44aac71aacccadbcfa041a33.jpg,678,728,fracture,512,476,571,521

150_jpg.rf.e4500a803bc2a63e89729741d35ea8b0.jpg,371,380,fracture,266,240,303,274
30_jpg.rf.df686211ca920574dcf175ed01dc97d5.jpg,766,1024,fracture,117,546,174,589
30_jpg.rf.df686211ca920574dcf175ed01dc97d5.jpg,766,1024,fracture,584,473,651,533
151_jpg.rf.ddcd9cf65ea74537148a3112a6bbd30f.jpg,360,359,fracture,251,212,276,236
145_jpg.rf.df2b4ce06f7e9f0f5151f176f792cf48.jpg,559,1024,messed_up_angle,169,360,240,500
196_jpg.rf.e8beae6253abb156a94f6682f15d469b.jpg,438,834,fracture,90,464,142,484
196_jpg.rf.e8beae6253abb156a94f6682f15d469b.jpg,438,834,fracture,75,212,105,224
43_jpg.rf.e5065cf6d78459d4fb3f0f3dca625552.jpg,553,1024,line,171,553,204,628
43_jpg.rf.e5065cf6d78459d4fb3f0f3dca625552.jpg,553,1024,line,152,391,174,453
167_jpg.rf.e7b1dd42bc145dc2afcdf6cc99241e9d.jpg,259,398,fracture,191,226,212,250
13_jpg.rf.e79223dcdcac7a30d81da2ac159d3e32.jpg,721,1024,fracture,484,204,582,311
62_jpg.rf.e7a2e6cb0db7cc34c97ba32ce2533e21.jpg,394,751,fracture,175,409,207,473
92_jpg.rf.eb29f4a6839e25b29c50d9d2d9002278.jpg,702,1200,fracture,510,751,564,792
62_jpg.rf.edb2a3ef6090987f10fe98b509ac35e6.jpg,518,1024,line,233,591,390,642
127_jpg.rf.eb7a48d917f1cef1e491f3a5de81858c.jpg,1024,909,messed_up_angle,103,430,268,560
37_jpg.rf.f6b2fb7cc89d8aa3a4d8f0c18cb6c3bd.jpg,589,1024,fracture,185,512,195,540
161_jpg.rf.ef60cb59cc4bbd45d0fa8249dc975ff4.jpg,555,865,fracture,129,393,167,419
161_jpg.rf.ef60cb59cc4bbd45d0fa8249dc975ff4.jpg,555,865,fracture,166,368,209,397
161_jpg.rf.ef60cb59cc4bbd45d0fa8249dc975ff4.jpg,555,865,fracture,213,345,265,379
161_jpg.rf.ef60cb59cc4bbd45d0fa8249dc975ff4.jpg,555,865,fracture,395,310,415,350
123_jpg.rf.f09f8341c6f82281f7f5cfca4d69bfaf.jpg,842,1024,line,112,634,200,674
166_jpg.rf.ee4572d383deeb680b491b3f6ec0441a.jpg,746,1024,messed_up_angle,217,377,470,967
166_jpg.rf.ee4572d383deeb680b491b3f6ec0441a.jpg,746,1024,messed_up_angle,518,769,636,857
128_jpg.rf.eb6e868380041cf16460a8b547db832d.jpg,1024,824,line,501,300,541,356
234_jpg.rf.ecb01f2601645acb6bea366f40ec9436.jpg,850,1024,line,367,765,419,800
4_jpg.rf.f29358be36e532da6d920f7fdb5445c7.jpg,1024,1023,fracture,394,595,442,643
4_jpg.rf.f29358be36e532da6d920f7fdb5445c7.jpg,1024,1023,fracture,468,587,539,636
253_jpg.rf.f0b851f317efdbf0e94d5684c30ee49c.jpg,632,1024,line,408,736,449,772
214_jpg.rf.f12fd4aad0eb6a14a7ebe8d062753f84.jpg,1024,1308,fracture,329,622,398,753
214_jpg.rf.f12fd4aad0eb6a14a7ebe8d062753f84.jpg,1024,1308,fracture,389,628,460,805
119_jpg.rf.f4ed5680348e1a179d2f4d1ac2b0e666.jpg,206,450,fracture,74,275,128,307
102_jpg.rf.f4689e16542e7e8544c98bac3c2c10d3.jpg,698,1024,fracture,174,589,222,633
63_jpg.rf.f005ac31d3559acc60494819cff61283.jpg,396,751,fracture,105,374,167,508
2_jpg.rf.f5c424b768ea9926144c37dfacbd211c.jpg,394,496,fracture,198,44,210,57
133_jpg.rf.f8c6d91f72dd0e4c0ec93343ab0d2b8c.jpg,706,1024,line,213,834,308,860
259_jpg.rf.f4b6fbfcb110d92d19c8af65ba4132ef.jpg,423,1024,line,202,144,220,179
259_jpg.rf.f4b6fbfcb110d92d19c8af65ba4132ef.jpg,423,1024,angle,87,844,113,884
42_jpg.rf.f3e5679b1bc908dea7cf538f2c785eb4.jpg,876,1024,line,218,301,253,338
38_jpg.rf.f903bac80ac79b1fb45989d1d2d88b10.jpg,379,1024,messed_up_angle,52,626,120,671
185_jpg.rf.f4cb2845f19c9d453ee2a4933ca34332.jpg,749,1024,fracture,135,534,173,573
185_jpg.rf.f4cb2845f19c9d453ee2a4933ca34332.jpg,749,1024,fracture,236,465,254,496
159_jpg.rf.f9a9b7ddb66937052ca9a843ee6867e5.jpg,969,1024,line,268,372,415,409
34_jpg.rf.ffabf8a7ea1be71a9d1683b6114854e0.jpg,345,768,fracture,205,484,232,522
35_jpg.rf.f7d88820195532618481468ed1a9f6e9.jpg,282,418,fracture,167,172,200,204
125_jpg.rf.01105451c76747b177515d2ac25f9c5e.jpg,990,918,line,451,546,531,594
116_jpg.rf.010eeb6d267e139172f0ee2695ce127a.jpg,290,350,fracture,76,35,101,53
116_jpg.rf.010eeb6d267e139172f0ee2695ce127a.jpg,290,350,fracture,128,34,149,48
48_jpg.rf.01b8ebb2f36be13981263dd5034320ff.jpg,353,437,fracture,245,233,270,251
93_jpg.rf.005b2df4af733a17cf56096aff3056fc.jpg,1024,274,angle,461,49,514,88
40_jpg.rf.04d954b3e104aa762483037002965388.jpg,210,239,fracture,89,22,105,38
24_jpg.rf.05baf470a45332948b533bf8bd047021.jpg,549,1024,fracture,301,696,381,786
101_jpg.rf.01df1023e27cc86113edc3d17e5d9849.jpg,993,1024,angle,550,402,591,451
105_jpg.rf.060c47fc43a095008de2e9264678cb99.jpg,477,716,fracture,318,482,349,530
154_jpg.rf.05a28d6ef658c1c08f1764993f793957.jpg,1024,1024,messed_up_angle,639,319,817,521
96_jpg.rf.05c2ed930c432abce351f179feb7ee3c.jpg,681,1024,line,210,344,262,371
106_jpg.rf.0053bf294fc8bbeceabc55bb9964078d.jpg,527,752,fracture,360,503,403,551
13_jpg.rf.08985f212f5426748b7d04f4404a13dd.jpg,838,1024,fracture,365,426,399,483
13_jpg.rf.08985f212f5426748b7d04f4404a13dd.jpg,838,1024,fracture,427,399,458,447
104_jpg.rf.06f57ec7d99c16c70d9994570b7a605b.jpg,689,1024,messed_up_angle,351,895,449,1018
1_jpg.rf.0776111b7a68bc084029ec47f2e47053.jpg,478,640,fracture,133,376,153,399
1_jpg.rf.0776111b7a68bc084029ec47f2e47053.jpg,478,640,fracture,166,357,194,383
210_jpg.rf.0807d8505d8b64d57b16ea95be540268.jpg,1024,1286,fracture,924,362,952,385
215_jpg.rf.0b4d888480e679beb6196800fc4d765f.jpg,738,1024,messed_up_angle,271,465,350,610
18_jpg.rf.07a61f79eae0f5832470776ed0450451.jpg,576,1024,fracture,226,517,276,586
18_jpg.rf.07a61f79eae0f5832470776ed0450451.jpg,576,1024,fracture,157,428,220,489
10_jpg.rf.108e4ee854653611ee979134f5971e30.jpg,1024,1024,fracture,560,546,602,605
10_jpg.rf.108e4ee854653611ee979134f5971e30.jpg,1024,1024,fracture,617,518,668,566
75_jpg.rf.0cdc256b288cda598a3021afeb2fe7d4.jpg,383,1024,line,149,635,177,651
182_jpg.rf.0e0bfc6e08b5a5c4ea6954501bda6da4.jpg,841,1024,fracture,537,222,582,254
248_jpg.rf.13958ef3e5f1366734f55a83f398ab14.jpg,600,445,line,209,73,244,134
7_jpg.rf.0660f8d53f65f6c7c4101ddbdc9ceab2.jpg,492,473,fracture,338,235,398,311
39_jpg.rf.0b9cf3c8e8e0132cf98d03cfa9e951db.jpg,279,667,fracture,48,441,93,478
88_jpg.rf.12492e8bce887e10db9cef78edccbf25.jpg,489,471,line,262,108,341,223
112_jpg.rf.0d68f48fe1bfd084f0a5835a98964121.jpg,226,296,fracture,29,177,59,196
118_jpg.rf.13fdc78d9dbd7e6f65151711c48133b7.jpg,668,1024,messed_up_angle,263,311,410,381
80_jpg.rf.13af98b759d02d2fd161d334d5cb96b2.jpg,545,640,fracture,413,326,431,342
168_jpg.rf.0be5bdebbcbc1faa71304bd354ed7d2b.jpg,630,630,fracture,299,39,352,115
61_jpg.rf.12a99e346c39f6426eb3a68bd0a4bcd4.jpg,842,1024,messed_up_angle,547,434,774,553
82_jpg.rf.13d89cf9c5ed335550d0eaf45ff1a400.jpg,500,628,angle,210,346,236,366
81_jpg.rf.150b636526a0ce59b286bb7d3f0c598b.jpg,605,1024,angle,308,500,345,549
81_jpg.rf.150b636526a0ce59b286bb7d3f0c598b.jpg,605,1024,messed_up_angle,274,423,323,464
1_jpg.rf.1637bfe42fd0d0eaf1434d4ea224d54c.jpg,442,442,fracture,274,255,288,270
174_jpg.rf.0b8c1793e5123e258c674685a578d4be.jpg,552,1024,fracture,427,471,492,534
9_jpg.rf.12bcc2f1fc94c8eeca8802e738c1ed57.jpg,821,1024,fracture,469,583,539,661
188_jpg.rf.0b99282177b812e17f9ccb258634fa89.jpg,578,1024,fracture,196,369,252,402
188_jpg.rf.0b99282177b812e17f9ccb258634fa89.jpg,578,1024,fracture,289,370,345,429
144_jpg.rf.0fbdb9155b491126259b826c7dc093a7.jpg,1007,1024,angle,474,400,568,456
144_jpg.rf.0fbdb9155b491126259b826c7dc093a7.jpg,1007,1024,angle,362,359,419,402
85_jpg.rf.163bde45fa81e3ea2190c85c61a178f0.jpg,461,1024,line,272,321,305,341
110_jpg.rf.12c752d7ad7524e6a541392517679858.jpg,725,1024,angle,222,564,352,642
110_jpg.rf.12c752d7ad7524e6a541392517679858.jpg,725,1024,angle,443,583,479,627
14_jpg.rf.1ef6066cf4518be0b817cc03286764ff.jpg,495,835,fracture,194,414,240,572
136_jpg.rf.1bad3a7e7d94a5a06400f7e21dc5700c.jpg,298,1024,messed_up_angle,181,298,225,372
115_jpg.rf.1c0704b246778ea89acea41c0cb37c58.jpg,175,320,fracture,44,128,73,230
115_jpg.rf.1c0704b246778ea89acea41c0cb37c58.jpg,175,320,fracture,116,128,154,210
23_jpg.rf.1d7c1198478a3aec27a5682e341b2761.jpg,661,740,fracture,287,380,354,570
23_jpg.rf.1d7c1198478a3aec27a5682e341b2761.jpg,661,740,fracture,363,410,402,486
23_jpg.rf.1d7c1198478a3aec27a5682e341b2761.jpg,661,740,fracture,417,386,456,532
49_jpg.rf.162bc772dc987ef3961d3af2356d1fb8.jpg,1024,1024,line,639,346,684,390
49_jpg.rf.162bc772dc987ef3961d3af2356d1fb8.jpg,1024,1024,messed_up_angle,389,306,606,462

217_jpg.rf.1e592708b9366488c73a3003f157823d.jpg,1024,1310,line,361,672,440,758
45_jpg.rf.213f578e25fb7b3a7a8298f6a988e00f.jpg,255,363,fracture,99,179,125,214
3_jpg.rf.1b3f4f9b98d9baea690addf4754a3e27.jpg,909,1024,fracture,580,565,630,604
209_jpg.rf.190969ecb50bb6e753a9894a93ac725f.jpg,834,1024,line,321,557,528,629
195_jpg.rf.20d486f8286ea8e9b92f8af843790573.jpg,753,1024,line,360,592,417,634
152_jpg.rf.262677c9d1ebe4bbd7f4068ee6b05e78.jpg,500,628,angle,272,344,305,365
47_jpg.rf.2803e20eac11bed4a2162424fc23d1d6.jpg,585,1024,line,134,474,330,514
236_jpg.rf.15a8020fae0020d269716ee9cf4bbec5.jpg,471,1024,line,217,412,248,506

227_jpg.rf.264ae1363b6f16f4e218097a0bd0f270.jpg,618,1500,line,377,586,419,1057
86_jpg.rf.23a698df7fcfa991e86db636c5950128.jpg,382,1024,messed_up_angle,144,268,201,307
86_jpg.rf.23a698df7fcfa991e86db636c5950128.jpg,382,1024,messed_up_angle,95,363,159,443
224_jpg.rf.28835be4e304f7447ffb43f3f1ce0dae.jpg,636,640,fracture,158,497,218,569
224_jpg.rf.28835be4e304f7447ffb43f3f1ce0dae.jpg,636,640,fracture,385,127,409,152
98_jpg.rf.236913213428de15351dca9737305aa5.jpg,1024,1024,messed_up_angle,329,546,419,598
233_jpg.rf.1f81f984aec308c0e4ce1e5359123259.jpg,1024,1024,line,398,617,434,714
233_jpg.rf.1f81f984aec308c0e4ce1e5359123259.jpg,1024,1024,angle,370,698,520,742
43_jpg.rf.221d09c550d1edf8462dce17559c59f2.jpg,257,375,fracture,208,204,227,225
13_jpg.rf.1cd849e707da82a181cac2dc521d20af.jpg,500,682,fracture,218,174,270,221
192_jpg.rf.2abb4a84a7faebe246bc62c784f99c98.jpg,602,1024,line,297,622,389,686
27_jpg.rf.2a35c5854681414ec54a25a770d014fb.jpg,915,1024,fracture,725,87,819,170


226_jpg.rf.2acc127805c31221b659c2aeaf28f0a8.jpg,264,1024,line,121,729,130,755
122_jpg.rf.2f94c80997232b8f6771affc230d90f8.jpg,406,1024,line,193,620,223,648
122_jpg.rf.2f94c80997232b8f6771affc230d90f8.jpg,406,1024,line,226,580,264,615
137_jpg.rf.31a3f466a4619b838212babdf6981dac.jpg,371,1024,line,183,439,207,473
21_jpg.rf.3713e03a9f4abccdd0f4ed3a0e86c9e3.jpg,584,1024,fracture,253,663,312,736
21_jpg.rf.3713e03a9f4abccdd0f4ed3a0e86c9e3.jpg,584,1024,fracture,346,782,407,824
26_jpg.rf.2aba2240280b1700d88c41540d322c2d.jpg,1754,2333,fracture,1369,1415,1480,1489
257_jpg.rf.317c5fad2bb899f8cee0589c8a3ada00.jpg,742,1024,line,415,469,426,499
257_jpg.rf.317c5fad2bb899f8cee0589c8a3ada00.jpg,742,1024,line,466,554,477,573
257_jpg.rf.317c5fad2bb899f8cee0589c8a3ada00.jpg,742,1024,line,424,872,458,920
257_jpg.rf.317c5fad2bb899f8cee0589c8a3ada00.jpg,742,1024,messed_up_angle,463,584,576,683
56_jpg.rf.2f4f1532b2fe63e305eecb0b18df122e.jpg,698,1024,messed_up_angle,265,471,485,929
182_jpg.rf.3932e8243d4e704563c040b076ba9b3a.jpg,937,1024,line,160,604,412,883
182_jpg.rf.3932e8243d4e704563c040b076ba9b3a.jpg,937,1024,messed_up_angle,415,644,477,777
121_jpg.rf.2fcf21ced2d1bed91136e09ecdbf8331.jpg,511,916,line,206,409,252,427
176_jpg.rf.294bcadfc615dd8aef5abd6e52be13fd.jpg,822,1024,fracture,238,308,272,330
157_jpg.rf.3b60e8fd65d2954356482bfe618ff4db.jpg,849,1024,angle,344,512,417,560

23_jpg.rf.423c64a3db6a833ed62f5e6dc50ee2de.jpg,1024,656,messed_up_angle,787,399,957,493
178_jpg.rf.371f4be811a4d78af93ebb705f9ec85d.jpg,664,1024,line,268,627,297,659
178_jpg.rf.371f4be811a4d78af93ebb705f9ec85d.jpg,664,1024,line,261,439,282,589
116_jpg.rf.4212aa83e14a778577830c048c37a2af.jpg,1023,569,messed_up_angle,339,174,759,376
32_jpg.rf.43261065f4b3ba3c91e03987aed62a2b.jpg,472,1024,fracture,239,467,285,505
232_jpg.rf.4673b30638fa7558fe0a7df5122f8fc2.jpg,972,997,fracture,299,224,377,295
232_jpg.rf.4673b30638fa7558fe0a7df5122f8fc2.jpg,972,997,fracture,516,20,609,87
232_jpg.rf.4673b30638fa7558fe0a7df5122f8fc2.jpg,972,997,fracture,907,405,964,483
11_jpg.rf.488eadb9933e9b55eeb8093c03282716.jpg,697,1024,fracture,503,607,553,656
11_jpg.rf.488eadb9933e9b55eeb8093c03282716.jpg,697,1024,fracture,375,300,425,374
54_jpg.rf.3e9362fe294b384b3cfaa33ee8151573.jpg,1024,1024,line,667,629,714,638
54_jpg.rf.3e9362fe294b384b3cfaa33ee8151573.jpg,1024,1024,messed_up_angle,202,670,293,712
38_jpg.rf.3edacd31811adec6878cdde676402b2c.jpg,603,1024,fracture,268,944,364,1017
55_jpg.rf.3eab8ea4db50d3a61bd0bd0a66f5a5d5.jpg,428,1024,line,154,472,203,728
30_jpg.rf.51bf68ab3081fa77658cc20e771bcf90.jpg,192,303,fracture,15,74,45,93
201_jpg.rf.41eaa4c971a2288d37efb033560be964.jpg,575,562,fracture,421,296,479,351
147_jpg.rf.0d2c9881a75c08fbe54b4336448f5f82.jpg,1024,815,line,471,353,564,411
24_jpg.rf.42d4c7d361140363fc1798a726339e2d.jpg,493,1024,messed_up_angle,202,504,274,593
193_jpg.rf.4c913f3f078d15007d80a9ea4cb570a5.jpg,288,1024,line,60,307,85,343
180_jpg.rf.46b6f33adedc5cf593c5154a16765c44.jpg,1024,1024,messed_up_angle,309,407,585,502
181_jpg.rf.43939c5b0b071e76b99e2a179c0bbf7f.jpg,667,1024,fracture,260,234,274,253
231_jpg.rf.48b48969e774fd78168f95fa013d0889.jpg,848,1024,messed_up_angle,503,452,651,682
25_jpg.rf.52c65a5a3e53746ebbe3e1cbd006479c.jpg,872,1024,fracture,574,201,671,316
109_jpg.rf.524608a9972ddf4a6fc441d4632eb557.jpg,674,768,messed_up_angle,219,395,295,494
49_jpg.rf.5cfc16977fe531caad85a9be16b1102a.jpg,153,303,fracture,27,53,47,72
125_jpg.rf.571096078deaa0e7877d9d192e96dd00.jpg,301,442,fracture,204,248,224,268
17_jpg.rf.4ccbf418e57d756d146f55a4d843dde6.jpg,901,1024,line,405,490,449,641
21_jpg.rf.547ce6c520327c484d9919e290b2cc81.jpg,300,270,fracture,35,147,60,181
21_jpg.rf.547ce6c520327c484d9919e290b2cc81.jpg,300,270,fracture,74,136,95,165
217_jpg.rf.6165e51a1acef8b05f47ba67d1442d4f.jpg,525,835,fracture,391,461,440,504
217_jpg.rf.6165e51a1acef8b05f47ba67d1442d4f.jpg,525,835,fracture,362,440,378,517
207_jpg.rf.5a5561842c470c5482d2ad3ae8bf7e06.jpg,320,1024,line,193,358,228,388
143_jpg.rf.61181a28feee1d6fbe8c31fe37bd16db.jpg,285,380,fracture,191,206,212,224
143_jpg.rf.61181a28feee1d6fbe8c31fe37bd16db.jpg,285,380,fracture,218,222,250,239
93_jpg.rf.52f0515ada9bbcc901fa10bd9104bce4.jpg,360,600,fracture,103,484,167,516
93_jpg.rf.52f0515ada9bbcc901fa10bd9104bce4.jpg,360,600,fracture,210,135,257,168
33_jpg.rf.62736bece5188dda811d2bf3fbc2cb57.jpg,1024,1024,fracture,850,481,876,555
3_jpg.rf.60201a0fae5d0522702ba0041e9e8f5e.jpg,768,923,fracture,252,168,262,186
52_jpg.rf.5d2a5f583ff3cb13d90615a4b0866aba.jpg,780,1024,messed_up_angle,403,557,574,662
213_jpg.rf.5737f8bd2cdb6e678a70282be69a6371.jpg,946,1500,fracture,308,764,354,893
185_jpg.rf.5a7cd04d042d5de56c0d0447203a292f.jpg,952,1200,messed_up_angle,220,72,432,437
73_jpg.rf.506585e8ee81cfb2e5f0ff56ac6e617e.jpg,1017,1199,fracture,795,715,844,771
110_jpg.rf.6424aaf0fe8572141c00f5c83a13ad21.jpg,227,380,fracture,77,160,132,255
13_jpg.rf.6349576e7576059d270e7086cbd106f0.jpg,766,1024,line,298,558,376,633
13_jpg.rf.6349576e7576059d270e7086cbd106f0.jpg,766,1024,line,376,569,469,727
167_jpg.rf.64abbfa5d131c580d86afb90f3334b6b.jpg,819,1024,messed_up_angle,181,769,416,944
5_jpg.rf.6179aadde477f0b3cbe3471174d7ce42.jpg,404,1024,line,108,751,168,776
58_jpg.rf.607550315c6a04d59ac368ecd06deadc.jpg,626,660,fracture,209,311,242,350
211_jpg.rf.62ee427b86cbca326f0ee6d5a7e69a6f.jpg,1024,1280,fracture,913,343,939,358
113_jpg.rf.61fd79beaaa30ed8a60fa595666acbb4.jpg,1024,1024,messed_up_angle,489,307,613,529
97_jpg.rf.5ab3fe12359a0f191a93079ce332e624.jpg,1023,1024,line,443,572,493,796
216_jpg.rf.67c30b53dece6b58d954d777dbd17723.jpg,1024,1399,fracture,327,920,387,991
216_jpg.rf.67c30b53dece6b58d954d777dbd17723.jpg,1024,1399,fracture,429,955,495,988
216_jpg.rf.67c30b53dece6b58d954d777dbd17723.jpg,1024,1399,fracture,428,879,498,907
190_jpg.rf.656a53fae99869a075b380277e16afdc.jpg,441,706,fracture,342,347,387,379
250_jpg.rf.64ec7a9aee624428b361b1b8fa4e84bb.jpg,1004,1024,line,600,331,691,528
65_jpg.rf.6693a094142d9066bc7f90a8f314c7e5.jpg,226,418,fracture,74,175,110,279

133_jpg.rf.5383f0bc39213405ebc46e4f5a626818.jpg,372,370,fracture,156,120,194,161
141_jpg.rf.6a3e433cda927fa5d30799ef71b04688.jpg,299,335,fracture,135,81,162,98
92_jpg.rf.6f366ac03a703190a57c91d1cfd2cc72.jpg,516,1024,line,177,505,295,532
12_jpg.rf.68a73bc5e51790a2ce2af53d7754660f.jpg,744,1024,fracture,434,582,497,654

31_jpg.rf.6eb03284f367de4562c95f3190f95f4b.jpg,454,1024,fracture,241,514,286,548
183_jpg.rf.75852da5a4b0ff2120492e94a5095176.jpg,1024,561,line,334,298,429,346
108_jpg.rf.6b7b1f558235d25be1140ca5309eb636.jpg,357,1024,line,120,581,167,717
153_jpg.rf.6d3ff499748f878e8906b813426b38e6.jpg,343,1024,line,106,533,146,587
153_jpg.rf.6d3ff499748f878e8906b813426b38e6.jpg,343,1024,line,191,577,228,607
81_jpg.rf.696b42552991c47656769986dfddb53b.jpg,1476,1706,fracture,422,470,475,541
81_jpg.rf.696b42552991c47656769986dfddb53b.jpg,1476,1706,fracture,954,686,1095,1037
81_jpg.rf.696b42552991c47656769986dfddb53b.jpg,1476,1706,fracture,802,695,908,811
81_jpg.rf.696b42552991c47656769986dfddb53b.jpg,1476,1706,fracture,642,589,751,827
175_jpg.rf.74e62caee32c4d8af6d93c189108777a.jpg,631,1024,line,449,710,468,737
180_jpg.rf.73fdffa7f4d763c3bd0b6fc282eeaf33.jpg,1024,1024,fracture,219,510,269,564
180_jpg.rf.73fdffa7f4d763c3bd0b6fc282eeaf33.jpg,1024,1024,fracture,639,664,714,732
101_jpg.rf.74b5e38ccf46b943a472180bd3fa7a85.jpg,580,951,fracture,478,584,525,624
187_jpg.rf.727c58d74ab7fbc19786a6de6d888a59.jpg,659,1024,fracture,224,639,283,693
187_jpg.rf.727c58d74ab7fbc19786a6de6d888a59.jpg,659,1024,fracture,403,640,431,661
187_jpg.rf.727c58d74ab7fbc19786a6de6d888a59.jpg,659,1024,fracture,80,415,112,455
212_jpg.rf.75009d77573834db91d45050281584ed.jpg,320,1024,line,120,366,170,401
126_jpg.rf.724729c5c480e822f03f59d0226a8311.jpg,609,1024,line,181,574,268,640
126_jpg.rf.724729c5c480e822f03f59d0226a8311.jpg,609,1024,line,297,652,352,739
149_jpg.rf.75d07f38f46b09c30dbcb3494ea50adb.jpg,470,1024,line,114,407,147,468
149_jpg.rf.75d07f38f46b09c30dbcb3494ea50adb.jpg,470,1024,messed_up_angle,160,440,208,473
225_jpg.rf.79a0cb7435b4fb2144639728dbfc6007.jpg,344,1024,messed_up_angle,77,613,144,712
183_jpg.rf.6d348f4b9eb12514215fee09e201c06b.jpg,657,1024,fracture,526,338,567,364
17_jpg.rf.6d746b0b4a1f5fcbe87e1cd11774f556.jpg,441,1024,fracture,134,451,205,495
34_jpg.rf.75c88e6db5553b8d02d02b36d672b7e7.jpg,1024,842,messed_up_angle,886,524,1016,646
142_jpg.rf.7aba302b1f1cb09962657ce6a6707b5d.jpg,811,1024,fracture,545,536,605,604
165_jpg.rf.777b43a7d8c4e113fdbb8aaa912e7a5f.jpg,492,1024,line,236,257,255,283
149_jpg.rf.78d98355f97b58d13f56a5116d6f04c2.jpg,319,483,fracture,84,129,120,154
149_jpg.rf.78d98355f97b58d13f56a5116d6f04c2.jpg,319,483,fracture,105,60,138,75
57_jpg.rf.7cf3ed8d1ad68408d9e358d537589afe.jpg,393,460,fracture,261,128,338,281
223_jpg.rf.7f2e4529b6a746624d67dc115f6fe343.jpg,492,473,fracture,331,225,394,305
231_jpg.rf.7fd7439cc2c5562e303b8d9845630417.jpg,494,812,fracture,363,403,407,419
251_jpg.rf.7b71a26563fc0507d173dabe84c975b0.jpg,516,1024,messed_up_angle,102,491,278,621
251_jpg.rf.7b71a26563fc0507d173dabe84c975b0.jpg,516,1024,messed_up_angle,234,469,383,620
256_jpg.rf.80e678d4bf7d116ea1080b285a4ca5a8.jpg,427,1024,line,144,467,167,500
203_jpg.rf.7e3d49204f4132b97c2a62529dbc955c.jpg,841,1024,line,418,575,478,589
8_jpg.rf.7f03f15f9a90dfca6712a551d6fb5602.jpg,417,1024,line,169,349,227,552
8_jpg.rf.7f03f15f9a90dfca6712a551d6fb5602.jpg,417,1024,line,200,683,267,763
37_jpg.rf.7fa7d6be2c491438168f0df3073f79d5.jpg,658,1024,line,369,590,425,638
11_jpg.rf.844b73a408900329408feeeb216f38bf.jpg,436,1024,fracture,215,363,257,407
11_jpg.rf.844b73a408900329408feeeb216f38bf.jpg,436,1024,fracture,273,330,313,360
38_jpg.rf.84ab7120aaf809960207e5ad59cb6d14.jpg,1500,2000,fracture,764,1227,888,1313
16_jpg.rf.85a887b958c5c3e52add14c0c947ea21.jpg,226,299,fracture,96,128,126,220

162_jpg.rf.8b1ac5b961ad3472044d488f721a9d5f.jpg,484,734,fracture,308,360,365,418
83_jpg.rf.8cca490085879704aff93a43e304adf6.jpg,500,717,fracture,204,393,260,417
120_jpg.rf.8cbaff1cd4e6881deb2af1de123964ad.jpg,386,1024,line,206,510,231,525
120_jpg.rf.8cbaff1cd4e6881deb2af1de123964ad.jpg,386,1024,messed_up_angle,158,507,187,549
156_jpg.rf.7896bd2dea8a8a74a3e7f09e418cd067.jpg,519,812,fracture,220,534,264,588
156_jpg.rf.7896bd2dea8a8a74a3e7f09e418cd067.jpg,519,812,fracture,212,267,247,282
156_jpg.rf.7896bd2dea8a8a74a3e7f09e418cd067.jpg,519,812,fracture,281,260,319,271
156_jpg.rf.7896bd2dea8a8a74a3e7f09e418cd067.jpg,519,812,fracture,346,258,379,275
140_jpg.rf.787572d93bb80689d9e7aecabd1cf48c.jpg,719,1024,line,214,517,311,549
179_jpg.rf.81ec78430ed6b87c332d92f34b9dc36b.jpg,685,1023,fracture,262,432,297,512
156_jpg.rf.871c7d45e203e9a52b058ae54324450e.jpg,1024,1022,messed_up_angle,233,542,308,833
60_jpg.rf.852b4acddf482ecb26d9badee11de9e8.jpg,254,325,fracture,66,179,76,195
33_jpg.rf.8853ac0a453f83f91e23ebf5ddeb4f82.jpg,896,1024,fracture,563,564,614,593
65_jpg.rf.8b7e147516479616744f4c1016f04229.jpg,1024,1024,line,472,305,500,328
65_jpg.rf.8b7e147516479616744f4c1016f04229.jpg,1024,1024,line,375,112,390,183
65_jpg.rf.8b7e147516479616744f4c1016f04229.jpg,1024,1024,line,440,341,448,360
220_jpg.rf.8e63c703fe7e29252286e385593f0134.jpg,611,1024,line,217,441,255,478
220_jpg.rf.8e63c703fe7e29252286e385593f0134.jpg,611,1024,line,286,362,330,412
69_jpg.rf.8edfc20839445f366c94a85f8b2a3b74.jpg,630,1024,line,261,170,291,192
69_jpg.rf.8edfc20839445f366c94a85f8b2a3b74.jpg,630,1024,line,357,751,390,766
169_jpg.rf.8e9a11a68b060ddce32bb4a99015266e.jpg,355,480,fracture,189,350,222,384
39_jpg.rf.9135dc30802afd66da151da8d5f7f69b.jpg,1024,1024,angle,549,593,577,655
39_jpg.rf.9135dc30802afd66da151da8d5f7f69b.jpg,1024,1024,angle,579,598,619,646
194_jpg.rf.91590710b512702dcaaed96b89b8316e.jpg,515,836,fracture,298,140,331,181
139_jpg.rf.91656317126d6d815b6f04295a0b2971.jpg,621,1125,line,266,931,379,977
234_jpg.rf.8d27850e39725f00127416b167a643d0.jpg,525,812,fracture,407,394,439,415
230_jpg.rf.92b582e26f653a6552b23ed04c715390.jpg,658,1024,line,279,286,383,347
85_jpg.rf.8ea2a0ee640bcf6ecbe162a905cbdbaf.jpg,285,380,fracture,195,203,214,220
85_jpg.rf.8ea2a0ee640bcf6ecbe162a905cbdbaf.jpg,285,380,fracture,215,219,242,237
215_jpg.rf.8511e4eea6f241cc82efd2b2a2742ae0.jpg,1024,1358,fracture,251,668,305,751
122_jpg.rf.8f3ea9fc2081427b4f7be8bb103443de.jpg,824,1199,fracture,531,621,597,854
121_jpg.rf.8e5cbd359ee98a337c790aad2407d656.jpg,480,1024,fracture,288,182,364,248
2_jpg.rf.8eb7fccf2d1a8742b75740abe2ee3df5.jpg,755,1024,fracture,346,590,445,679
29_jpg.rf.86e23fa5a6e0e3e2442ef03b517d6841.jpg,183,303,fracture,58,52,76,70
208_jpg.rf.92fa92460ae39ab5460f74f7cd535d61.jpg,1024,1024,line,318,561,354,617
31_jpg.rf.9489b473467aaaf1eb2e0232b5931862.jpg,630,630,fracture,299,386,376,434
218_jpg.rf.94eeed78bb3669ac2308206a837a3129.jpg,644,1754,fracture,306,396,354,423
260_jpg.rf.97f1ba7cc950a030284f266f019e8919.jpg,1024,792,line,763,389,954,446
260_jpg.rf.97f1ba7cc950a030284f266f019e8919.jpg,1024,792,messed_up_angle,739,505,990,690
210_jpg.rf.98d80112854d697183d6f2bc354cc955.jpg,819,1024,messed_up_angle,347,845,448,982
247_jpg.rf.94c734576f01c059697a0f738dd1ad11.jpg,1024,841,messed_up_angle,0,452,122,579
71_jpg.rf.99f61cda0ce2a3f0e904e0acfb65fe63.jpg,316,1024,angle,86,799,153,826
41_jpg.rf.9a8a365889b64d78c0e863a2eaeffffe.jpg,390,1024,line,159,237,225,264
244_jpg.rf.9dc9f991fcbefe92ae26defe020344a5.jpg,839,1024,line,310,560,354,597
172_jpg.rf.9bfcf7676ca8da89735790e9203f3f8b.jpg,722,1024,messed_up_angle,329,642,445,741
137_jpg.rf.989b4f97c0aeaa6e9508b4952fc85594.jpg,751,955,fracture,375,72,404,105
20_jpg.rf.9ab2782baf5cf8c7d0374166ca8a3c61.jpg,304,1024,fracture,117,231,204,260

114_jpg.rf.96b678d906b51f47115b91f3ef3ee163.jpg,377,327,fracture,37,138,100,225
114_jpg.rf.96b678d906b51f47115b91f3ef3ee163.jpg,377,327,fracture,245,121,347,229
79_jpg.rf.9607e32bbc2f30ce0c842f6e4219832e.jpg,875,1125,angle,461,463,504,514
178_jpg.rf.9ed2e7d2ec6b3c8e7b73bd1dd2b253cc.jpg,820,1024,fracture,232,324,307,375
178_jpg.rf.9ed2e7d2ec6b3c8e7b73bd1dd2b253cc.jpg,820,1024,fracture,588,649,631,698
178_jpg.rf.9ed2e7d2ec6b3c8e7b73bd1dd2b253cc.jpg,820,1024,fracture,302,611,354,648
178_jpg.rf.9ed2e7d2ec6b3c8e7b73bd1dd2b253cc.jpg,820,1024,fracture,358,515,391,559
178_jpg.rf.9ed2e7d2ec6b3c8e7b73bd1dd2b253cc.jpg,820,1024,fracture,280,481,315,520
78_jpg.rf.96e25cbff2a424c6ea1b292036d3f52b.jpg,294,1024,line,139,394,169,407
78_jpg.rf.96e25cbff2a424c6ea1b292036d3f52b.jpg,294,1024,angle,106,390,134,419
229_jpg.rf.9835948a4eba66f51e06614420a0a4a2.jpg,1024,1024,messed_up_angle,367,488,531,653
24_jpg.rf.a12858ed5e02192304e081ca68facff6.jpg,488,812,fracture,176,560,201,595
23_jpg.rf.9fb72e44771ec1262a4ea354861c6963.jpg,428,932,fracture,134,258,212,303
113_jpg.rf.a12b678584e40190cef096c15c6e93f0.jpg,228,302,fracture,84,148,108,225
113_jpg.rf.a12b678584e40190cef096c15c6e93f0.jpg,228,302,fracture,111,138,150,227
168_jpg.rf.a02274f81d2827f359f5aed019911948.jpg,1024,663,line,562,339,611,373
2_jpg.rf.a1c07668e4cfec20b6c3df8542eeed80.jpg,1280,1539,fracture,613,1047,632,1089
2_jpg.rf.a1c07668e4cfec20b6c3df8542eeed80.jpg,1280,1539,fracture,678,1048,700,1077
